{
  "project_info": {
    "project_number": "286784123886",
    "firebase_url": "https://automost-63ced-default-rtdb.europe-west1.firebasedatabase.app",
    "project_id": "automost-63ced",
    "storage_bucket": "automost-63ced.appspot.com"
  },
  "client": [
    {
      "client_info": {
        "mobilesdk_app_id": "1:286784123886:android:ec209b1404da928145d4ff",
        "android_client_info": {
          "package_name": "com.dev.autobridge"
        }
      },
      "oauth_client": [],
      "api_key": [
        {
          "current_key": "AIzaSyC0o7aeHjd3QMpmunEcXzvnefQh74IvTq4"
        }
      ],
      "services": {
        "appinvite_service": {
          "other_platform_oauth_client": []
        }
      }
    }
  ],
  "configuration_version": "1"
}